{
    "train": {
        "loss": [
            1.4332680382898875,
            0.8579510716455323,
            0.4148269572428295,
            0.16376673057675362,
            0.05201355490966567,
            0.020829280572278158,
            0.015030322280446333,
            0.010745644586027734,
            0.00902341831117935,
            0.011371354318855862,
            0.00698352706136315,
            0.0034993788275252363,
            0.0034248852493224797,
            0.018536229339328462,
            0.007758651159487532,
            0.03643202524732,
            0.03748851747617924,
            0.022209002025192603,
            0.011385800595495052,
            0.011231768778608446
        ],
        "accuracy": [
            0.587890625,
            0.8071986436843872,
            0.9450334906578064,
            0.98828125,
            0.99609375,
            0.9977678656578064,
            0.9983259439468384,
            0.998046875,
            0.9988839626312256,
            0.9977678656578064,
            0.9983258843421936,
            0.9994419813156128,
            0.9991629719734192,
            0.9960938096046448,
            0.9986048936843872,
            0.988839328289032,
            0.990234375,
            0.9921875,
            0.9977678656578064,
            0.998046875
        ],
        "precision": [
            0.5933390855789185,
            0.8084312677383423,
            0.9455310106277466,
            0.9883902668952942,
            0.9961550235748291,
            0.9977722764015198,
            0.9983367919921875,
            0.9980561137199402,
            0.9988872408866882,
            0.9977835416793823,
            0.9983372688293457,
            0.9994431138038635,
            0.9991651773452759,
            0.9961566925048828,
            0.9986060261726379,
            0.9888927936553955,
            0.9902810454368591,
            0.9922313690185547,
            0.9977846741676331,
            0.9980592727661133
        ],
        "f1_score": [
            0.5786830186843872,
            0.8066939115524292,
            0.9450122714042664,
            0.9882999062538147,
            0.9961017370223999,
            0.9977681040763855,
            0.9983267188072205,
            0.9980474710464478,
            0.9988833665847778,
            0.9977694749832153,
            0.9983275532722473,
            0.9994417428970337,
            0.9991629719734192,
            0.9961034059524536,
            0.9986048936843872,
            0.9888356328010559,
            0.9902371764183044,
            0.9921839237213135,
            0.9977697730064392,
            0.998047947883606
        ],
        "recall": [
            0.587890625,
            0.8071986436843872,
            0.9450334906578064,
            0.98828125,
            0.99609375,
            0.9977678656578064,
            0.9983259439468384,
            0.998046875,
            0.9988839626312256,
            0.9977678656578064,
            0.9983258843421936,
            0.9994419813156128,
            0.9991629719734192,
            0.9960938096046448,
            0.9986048936843872,
            0.988839328289032,
            0.990234375,
            0.9921875,
            0.9977678656578064,
            0.998046875
        ]
    },
    "valid": {
        "loss": [
            1.672920720917838,
            1.3771838630948747,
            1.2525359051568168,
            1.2545617137636458,
            1.305611538035529,
            1.4236229530402593,
            1.5054695776530675,
            1.5843867702143533,
            1.6583757272788457,
            1.739922663995198,
            1.740556972367423,
            1.815708292382104,
            1.9134911128452845,
            1.9388820103236608,
            1.921250696693148,
            1.8951356836727686,
            1.908838425363813,
            1.7276448139122553,
            1.6943819948605128,
            1.8292675231184279
        ],
        "accuracy": [
            0.3638392686843872,
            0.4665178656578064,
            0.5267857313156128,
            0.5111607313156128,
            0.5223214030265808,
            0.5535714626312256,
            0.5446428656578064,
            0.5424107313156128,
            0.5334821939468384,
            0.5446428060531616,
            0.5379464626312256,
            0.5491071343421936,
            0.5401785373687744,
            0.5245535373687744,
            0.5379464626312256,
            0.5111607313156128,
            0.5379464030265808,
            0.5580357313156128,
            0.5758928656578064,
            0.5758929252624512
        ],
        "precision": [
            0.34296563267707825,
            0.4575520157814026,
            0.5247138738632202,
            0.5082940459251404,
            0.5201528072357178,
            0.5601232647895813,
            0.5439190864562988,
            0.5428930521011353,
            0.5323036909103394,
            0.54308021068573,
            0.5363783836364746,
            0.5473140478134155,
            0.5421594381332397,
            0.5211141109466553,
            0.5477076768875122,
            0.5189869403839111,
            0.5503525733947754,
            0.5515586733818054,
            0.5804110765457153,
            0.5790228843688965
        ],
        "f1_score": [
            0.3399268388748169,
            0.45918595790863037,
            0.5242546796798706,
            0.5060634613037109,
            0.5195144414901733,
            0.5543944835662842,
            0.5438244342803955,
            0.5414251089096069,
            0.5319437980651855,
            0.5407999753952026,
            0.5362060070037842,
            0.5477861166000366,
            0.5351248383522034,
            0.5209389925003052,
            0.5410997867584229,
            0.5129112005233765,
            0.5427093505859375,
            0.5532712936401367,
            0.5746257901191711,
            0.5764569640159607
        ],
        "recall": [
            0.3638392686843872,
            0.4665178656578064,
            0.5267857313156128,
            0.5111607313156128,
            0.5223214030265808,
            0.5535714626312256,
            0.5446428656578064,
            0.5424107313156128,
            0.5334821939468384,
            0.5446428060531616,
            0.5379464626312256,
            0.5491071343421936,
            0.5401785373687744,
            0.5245535373687744,
            0.5379464626312256,
            0.5111607313156128,
            0.5379464030265808,
            0.5580357313156128,
            0.5758928656578064,
            0.5758929252624512
        ]
    },
    "test": {
        "loss": [
            2.7433799441371645
        ],
        "accuracy": [
            0.416294664144516
        ],
        "precision": [
            0.41425442695617676
        ],
        "f1_score": [
            0.39079248905181885
        ],
        "recall": [
            0.416294664144516
        ]
    }
}