{
    "train": {
        "loss": [
            0.41364241018891335,
            0.082458526478149,
            0.029932728051790036,
            0.016072084006736986,
            0.0069866375233686995,
            0.0026879302140514483,
            0.0028642729066632455,
            0.0022503328159473313,
            0.0036868318879896833,
            0.0077525936630991055,
            0.006077637094222155,
            0.0026181918433394458,
            0.0011651351255750342,
            0.0010096463590798521,
            0.0004903888323042338,
            0.0005469038335377263,
            0.0006333386921824058,
            0.00230220003300019,
            0.008606294016317406,
            0.001982137945105933
        ],
        "accuracy": [
            0.892822265625,
            0.98583984375,
            0.99560546875,
            0.997802734375,
            0.998046875,
            0.99951171875,
            0.99951171875,
            0.999267578125,
            0.998779296875,
            0.997802734375,
            0.998779296875,
            0.999267578125,
            0.999755859375,
            0.999755859375,
            1.0,
            0.999755859375,
            0.999755859375,
            0.999267578125,
            0.99853515625,
            0.999755859375
        ],
        "precision": [
            0.8949944376945496,
            0.9859299063682556,
            0.9956139326095581,
            0.9978234767913818,
            0.9980534911155701,
            0.9995136260986328,
            0.9995136260986328,
            0.999269962310791,
            0.998781681060791,
            0.9978122115135193,
            0.9987835884094238,
            0.9992690086364746,
            0.9997563362121582,
            0.9997563362121582,
            1.0,
            0.9997563362121582,
            0.9997563362121582,
            0.9992718696594238,
            0.9985474348068237,
            0.9997563362121582
        ],
        "f1_score": [
            0.8921942710876465,
            0.9858195781707764,
            0.99560546875,
            0.9978026747703552,
            0.9980485439300537,
            0.99951171875,
            0.9995119571685791,
            0.999267578125,
            0.9987790584564209,
            0.9978046417236328,
            0.998779296875,
            0.9992673397064209,
            0.999755859375,
            0.999755859375,
            1.0,
            0.999755859375,
            0.999755859375,
            0.9992680549621582,
            0.9985358715057373,
            0.999755859375
        ],
        "recall": [
            0.892822265625,
            0.98583984375,
            0.99560546875,
            0.997802734375,
            0.998046875,
            0.99951171875,
            0.99951171875,
            0.999267578125,
            0.998779296875,
            0.997802734375,
            0.998779296875,
            0.999267578125,
            0.999755859375,
            0.999755859375,
            1.0,
            0.999755859375,
            0.999755859375,
            0.999267578125,
            0.99853515625,
            0.999755859375
        ]
    },
    "valid": {
        "loss": [
            0.5772406142205,
            0.28809039294719696,
            0.20997678907588124,
            0.1966238678433001,
            0.17293521855026484,
            0.16667499602772295,
            0.16839389083907008,
            0.1815516371279955,
            0.16177389363292605,
            0.20030922070145607,
            0.22969565726816654,
            0.19128440076019615,
            0.18291481747291982,
            0.20306047378107905,
            0.24410580843687057,
            0.23239640798419714,
            0.2521737787174061,
            0.21212443406693637,
            0.21458700415678322,
            0.16474255261709914
        ],
        "accuracy": [
            0.828125,
            0.91015625,
            0.9296875,
            0.947265625,
            0.951171875,
            0.951171875,
            0.947265625,
            0.9453125,
            0.94921875,
            0.9375,
            0.9296875,
            0.94140625,
            0.9453125,
            0.943359375,
            0.94140625,
            0.939453125,
            0.93359375,
            0.943359375,
            0.9453125,
            0.951171875
        ],
        "precision": [
            0.8355449438095093,
            0.9144673347473145,
            0.9329427480697632,
            0.9485499262809753,
            0.9540207982063293,
            0.9525699615478516,
            0.9500716924667358,
            0.9474276304244995,
            0.951715350151062,
            0.9400287866592407,
            0.9342315793037415,
            0.9438173770904541,
            0.9460659027099609,
            0.9458544850349426,
            0.946065366268158,
            0.9416800737380981,
            0.9363459944725037,
            0.944983959197998,
            0.9472759366035461,
            0.9531040191650391
        ],
        "f1_score": [
            0.8262683153152466,
            0.9096723794937134,
            0.9301103949546814,
            0.9472669363021851,
            0.9516032338142395,
            0.9511587619781494,
            0.9476367235183716,
            0.9458215832710266,
            0.9490005373954773,
            0.9376997351646423,
            0.9290922284126282,
            0.9411401748657227,
            0.9455108046531677,
            0.9434933662414551,
            0.942096471786499,
            0.9399288892745972,
            0.933700442314148,
            0.9436661005020142,
            0.9456419944763184,
            0.9509249925613403
        ],
        "recall": [
            0.828125,
            0.91015625,
            0.9296875,
            0.947265625,
            0.951171875,
            0.951171875,
            0.947265625,
            0.9453125,
            0.94921875,
            0.9375,
            0.9296875,
            0.94140625,
            0.9453125,
            0.943359375,
            0.94140625,
            0.939453125,
            0.93359375,
            0.943359375,
            0.9453125,
            0.951171875
        ]
    },
    "test": {
        "loss": [
            0.41343637393947574
        ],
        "accuracy": [
            0.890625
        ],
        "precision": [
            0.8988806009292603
        ],
        "f1_score": [
            0.8884350061416626
        ],
        "recall": [
            0.890625
        ]
    }
}