{
    "train": {
        "loss": [
            0.33557631145231426,
            0.04825716160121374,
            0.017024879409291316,
            0.01085621616584831,
            0.005992748378048418,
            0.0037253799000609433,
            0.01277966385578111,
            0.005047908600317896,
            0.003799754725605453,
            0.009841857302717472,
            0.005031648108797526,
            0.0012413737686074455,
            0.0008720720413748495,
            0.0047912246199075526,
            0.005192062602418446,
            0.0011175893625932076,
            0.0006721027917819811,
            0.0006909589585575304,
            0.010327147436555606,
            0.0011255390373889895
        ],
        "accuracy": [
            0.90283203125,
            0.9921875,
            0.997314453125,
            0.99755859375,
            0.9990234375,
            0.99951171875,
            0.996826171875,
            0.998779296875,
            0.9990234375,
            0.99658203125,
            0.99853515625,
            1.0,
            0.999755859375,
            0.99853515625,
            0.998291015625,
            1.0,
            1.0,
            1.0,
            0.996337890625,
            0.999755859375
        ],
        "precision": [
            0.9059427976608276,
            0.99220871925354,
            0.9973336458206177,
            0.9975712895393372,
            0.999028205871582,
            0.9995136260986328,
            0.9968937635421753,
            0.9987845420837402,
            0.9990310072898865,
            0.9966729879379272,
            0.9985474348068237,
            1.0,
            0.9997563362121582,
            0.9985520839691162,
            0.9983140826225281,
            1.0,
            1.0,
            1.0,
            0.9964421391487122,
            0.9997563362121582
        ],
        "f1_score": [
            0.9025640487670898,
            0.9921842217445374,
            0.9973154067993164,
            0.9975574016571045,
            0.9990234375,
            0.99951171875,
            0.9968257546424866,
            0.9987776279449463,
            0.9990234375,
            0.9965814352035522,
            0.9985358715057373,
            1.0,
            0.999755859375,
            0.9985370635986328,
            0.9982948303222656,
            1.0,
            1.0,
            1.0,
            0.9963370561599731,
            0.999755859375
        ],
        "recall": [
            0.90283203125,
            0.9921875,
            0.997314453125,
            0.99755859375,
            0.9990234375,
            0.99951171875,
            0.996826171875,
            0.998779296875,
            0.9990234375,
            0.99658203125,
            0.99853515625,
            1.0,
            0.999755859375,
            0.99853515625,
            0.998291015625,
            1.0,
            1.0,
            1.0,
            0.996337890625,
            0.999755859375
        ]
    },
    "valid": {
        "loss": [
            0.45752592384815216,
            0.1915794280357659,
            0.18802021071314812,
            0.18614504020661116,
            0.22247620311100036,
            0.21596188249532133,
            0.2314205034635961,
            0.19904655683785677,
            0.23645473085343838,
            0.24469328566920012,
            0.19251851714216173,
            0.19285962521098554,
            0.17807808483485132,
            0.20985469066363294,
            0.25270971446298063,
            0.20036515838000923,
            0.20721837400924414,
            0.22133154119364917,
            0.20172441098839045,
            0.20507144829025492
        ],
        "accuracy": [
            0.849609375,
            0.943359375,
            0.935546875,
            0.943359375,
            0.935546875,
            0.939453125,
            0.9453125,
            0.9453125,
            0.94921875,
            0.9453125,
            0.9453125,
            0.953125,
            0.958984375,
            0.939453125,
            0.939453125,
            0.939453125,
            0.94140625,
            0.947265625,
            0.939453125,
            0.94921875
        ],
        "precision": [
            0.8606640100479126,
            0.9441009759902954,
            0.9368605613708496,
            0.9441230297088623,
            0.9387849569320679,
            0.9413135051727295,
            0.9475883841514587,
            0.9474854469299316,
            0.9510868787765503,
            0.9469427466392517,
            0.9466378092765808,
            0.9544007778167725,
            0.9602208137512207,
            0.9404916167259216,
            0.9405124187469482,
            0.9411764144897461,
            0.9437597393989563,
            0.9490166902542114,
            0.9408470392227173,
            0.9504410028457642
        ],
        "f1_score": [
            0.8493976593017578,
            0.9432928562164307,
            0.9360046982765198,
            0.9433784484863281,
            0.9360021948814392,
            0.9394925832748413,
            0.9455921649932861,
            0.9455249309539795,
            0.9495296478271484,
            0.9453620314598083,
            0.9454621076583862,
            0.9532320499420166,
            0.9588996767997742,
            0.939461350440979,
            0.9394387006759644,
            0.9396724700927734,
            0.9414407014846802,
            0.9473293423652649,
            0.939620316028595,
            0.9494576454162598
        ],
        "recall": [
            0.849609375,
            0.943359375,
            0.935546875,
            0.943359375,
            0.935546875,
            0.939453125,
            0.9453125,
            0.9453125,
            0.94921875,
            0.9453125,
            0.9453125,
            0.953125,
            0.958984375,
            0.939453125,
            0.939453125,
            0.939453125,
            0.94140625,
            0.947265625,
            0.939453125,
            0.94921875
        ]
    },
    "test": {
        "loss": [
            0.19610860089551352
        ],
        "accuracy": [
            0.9462890625
        ],
        "precision": [
            0.9489606022834778
        ],
        "f1_score": [
            0.9469527006149292
        ],
        "recall": [
            0.9462890625
        ]
    }
}