{
    "train": {
        "loss": [
            1.2939236355679375,
            0.7403697786586625,
            0.36700804584792684,
            0.17041370937866823,
            0.0671281577420554,
            0.031230266654997,
            0.0325625249118145,
            0.015659055714162866,
            0.0324465306683643,
            0.024965193305563713,
            0.004689354064924244,
            0.019766809065393836,
            0.010204129219346214,
            0.02019810822717513,
            0.02789300493272354,
            0.03718938104326038,
            0.021543292278823043,
            0.02695761773585608,
            0.028511021015999307,
            0.022145319218647534
        ],
        "accuracy": [
            0.6330915689468384,
            0.8225446343421936,
            0.9372209906578064,
            0.9793527126312256,
            0.9927455186843872,
            0.9963727593421936,
            0.9955357313156128,
            0.9977678656578064,
            0.9958147406578064,
            0.9958147406578064,
            0.9986048936843872,
            0.9963727593421936,
            0.9977678060531616,
            0.9974888563156128,
            0.9966517686843872,
            0.99609375,
            0.99609375,
            0.9930245280265808,
            0.996651828289032,
            0.997488796710968
        ],
        "precision": [
            0.6266878843307495,
            0.8272022008895874,
            0.93795245885849,
            0.9796574115753174,
            0.9928827881813049,
            0.9964198470115662,
            0.9956088066101074,
            0.9977807998657227,
            0.9958956241607666,
            0.9959120750427246,
            0.9986114501953125,
            0.9964174032211304,
            0.997785210609436,
            0.9975056052207947,
            0.9966734647750854,
            0.9961135983467102,
            0.9961115717887878,
            0.9930298328399658,
            0.9967052340507507,
            0.9975130558013916
        ],
        "f1_score": [
            0.6248013377189636,
            0.8218950033187866,
            0.9372406601905823,
            0.9794104695320129,
            0.9927710890769958,
            0.9963816404342651,
            0.9955477714538574,
            0.9977688789367676,
            0.995829701423645,
            0.995833158493042,
            0.998606264591217,
            0.9963833093643188,
            0.9977699518203735,
            0.9974914789199829,
            0.9966574907302856,
            0.9960975050926208,
            0.9960936903953552,
            0.9930206537246704,
            0.9966570734977722,
            0.9974926114082336
        ],
        "recall": [
            0.6330915689468384,
            0.8225446343421936,
            0.9372209906578064,
            0.9793527126312256,
            0.9927455186843872,
            0.9963727593421936,
            0.9955357313156128,
            0.9977678656578064,
            0.9958147406578064,
            0.9958147406578064,
            0.9986048936843872,
            0.9963727593421936,
            0.9977678060531616,
            0.9974888563156128,
            0.9966517686843872,
            0.99609375,
            0.99609375,
            0.9930245280265808,
            0.996651828289032,
            0.997488796710968
        ]
    },
    "valid": {
        "loss": [
            1.5682290537016732,
            1.269071136202131,
            1.1292308952127184,
            1.174023517540523,
            1.1774431041308813,
            1.25209099480084,
            1.3704384693077631,
            1.4174415469169617,
            1.5574654383318765,
            1.5017103339944566,
            1.5158197028296334,
            1.5416607452290398,
            1.6564429487500871,
            1.519979817526681,
            1.6452941639082772,
            1.7529916294983454,
            1.8067791547094072,
            1.6299932939665658,
            1.6569415905645914,
            1.5523400519575392
        ],
        "accuracy": [
            0.421875,
            0.5267857313156128,
            0.5647321343421936,
            0.5424107313156128,
            0.5669642686843872,
            0.5736607313156128,
            0.5714285373687744,
            0.5892857313156128,
            0.5736607313156128,
            0.5736607313156128,
            0.5892857313156128,
            0.5892857313156128,
            0.5825892686843872,
            0.5959821343421936,
            0.5982142686843872,
            0.5803571343421936,
            0.5915178656578064,
            0.5870535373687744,
            0.6227678656578064,
            0.6674107313156128
        ],
        "precision": [
            0.4025028944015503,
            0.5326645374298096,
            0.5702909231185913,
            0.5542271137237549,
            0.583244800567627,
            0.5853320360183716,
            0.5842524766921997,
            0.5991159677505493,
            0.5849325060844421,
            0.5770571231842041,
            0.6022487878799438,
            0.6011319756507874,
            0.5946635007858276,
            0.5965701341629028,
            0.6066553592681885,
            0.5974438190460205,
            0.5930869579315186,
            0.5767041444778442,
            0.6255685687065125,
            0.6705549359321594
        ],
        "f1_score": [
            0.4088101089000702,
            0.5260933041572571,
            0.5658740401268005,
            0.5465666651725769,
            0.5712180733680725,
            0.5785139799118042,
            0.575891375541687,
            0.5929266214370728,
            0.5775312781333923,
            0.5742038488388062,
            0.5942606925964355,
            0.5934790372848511,
            0.5837212204933167,
            0.5936173796653748,
            0.5995414853096008,
            0.5856431722640991,
            0.5893257260322571,
            0.5794677734375,
            0.6196799278259277,
            0.6674988269805908
        ],
        "recall": [
            0.421875,
            0.5267857313156128,
            0.5647321343421936,
            0.5424107313156128,
            0.5669642686843872,
            0.5736607313156128,
            0.5714285373687744,
            0.5892857313156128,
            0.5736607313156128,
            0.5736607313156128,
            0.5892857313156128,
            0.5892857313156128,
            0.5825892686843872,
            0.5959821343421936,
            0.5982142686843872,
            0.5803571343421936,
            0.5915178656578064,
            0.5870535373687744,
            0.6227678656578064,
            0.6674107313156128
        ]
    },
    "test": {
        "loss": [
            1.8988478992666518
        ],
        "accuracy": [
            0.5535714626312256
        ],
        "precision": [
            0.5720462799072266
        ],
        "f1_score": [
            0.5603761672973633
        ],
        "recall": [
            0.5535714626312256
        ]
    }
}