{
    "train": {
        "loss": [
            0.8794418764965874,
            0.311298379940646,
            0.11508741183206439,
            0.04122194258629212,
            0.018096487578337213,
            0.014621284179156646,
            0.009348207982839085,
            0.02153987824775478,
            0.011989885964015099,
            0.008414912016762952,
            0.019552316248466792,
            0.008340585683721915,
            0.021445953561591784,
            0.00878064458083827,
            0.013672712442972365,
            0.013129634855431505,
            0.00854644643134504,
            0.01920883870999595,
            0.017021808702598458,
            0.009523478722258005
        ],
        "accuracy": [
            0.8005022406578064,
            0.9352679252624512,
            0.9838169813156128,
            0.9960936903953552,
            0.9977678060531616,
            0.9977678656578064,
            0.9986048936843872,
            0.9958146810531616,
            0.9966517686843872,
            0.998046875,
            0.9977678060531616,
            0.998046875,
            0.9946986436843872,
            0.9988839030265808,
            0.997488796710968,
            0.9969307780265808,
            0.9972098469734192,
            0.9955357313156128,
            0.9960938096046448,
            0.998046875
        ],
        "precision": [
            0.8005248308181763,
            0.9358339309692383,
            0.9841031432151794,
            0.9961034655570984,
            0.9977829456329346,
            0.9977765083312988,
            0.9986070990562439,
            0.9958464503288269,
            0.996671736240387,
            0.9980732798576355,
            0.9977765679359436,
            0.9980669021606445,
            0.9948146939277649,
            0.9988894462585449,
            0.997498631477356,
            0.9969432353973389,
            0.9972254633903503,
            0.9955437779426575,
            0.996113121509552,
            0.9980582594871521
        ],
        "f1_score": [
            0.7960926294326782,
            0.9349073171615601,
            0.9838104844093323,
            0.9960947632789612,
            0.9977707862854004,
            0.9977700114250183,
            0.9986048936843872,
            0.9958157539367676,
            0.9966514110565186,
            0.9980506300926208,
            0.9977694749832153,
            0.9980495572090149,
            0.994714617729187,
            0.9988844394683838,
            0.9974882006645203,
            0.9969348907470703,
            0.9972119331359863,
            0.9955378770828247,
            0.996094822883606,
            0.9980482459068298
        ],
        "recall": [
            0.8005022406578064,
            0.9352679252624512,
            0.9838169813156128,
            0.9960936903953552,
            0.9977678060531616,
            0.9977678656578064,
            0.9986048936843872,
            0.9958146810531616,
            0.9966517686843872,
            0.998046875,
            0.9977678060531616,
            0.998046875,
            0.9946986436843872,
            0.9988839030265808,
            0.997488796710968,
            0.9969307780265808,
            0.9972098469734192,
            0.9955357313156128,
            0.9960938096046448,
            0.998046875
        ]
    },
    "valid": {
        "loss": [
            1.2974341085978918,
            1.1128937346594674,
            1.201659517628806,
            1.2138138583728246,
            1.2894233890942164,
            1.3552367516926356,
            1.4093651601246424,
            1.4949105552264623,
            1.5222672309194292,
            1.5285762803895133,
            1.5979308571134294,
            1.599541757787977,
            1.5732892070497786,
            1.5715519871030534,
            1.7784477727753776,
            1.5454457913126265,
            1.6872288584709167,
            1.604423659188407,
            1.5538304959024702,
            1.6113424812044417
        ],
        "accuracy": [
            0.5290178656578064,
            0.6294642686843872,
            0.640625,
            0.6316964626312256,
            0.6316964626312256,
            0.6428571343421936,
            0.6339285373687744,
            0.6450892686843872,
            0.651785671710968,
            0.6651785969734192,
            0.6361607313156128,
            0.6651785969734192,
            0.6540179252624512,
            0.667410671710968,
            0.6540178060531616,
            0.640625,
            0.609375,
            0.6785714626312256,
            0.6272321939468384,
            0.6473214030265808
        ],
        "precision": [
            0.5338118076324463,
            0.666515588760376,
            0.6822562217712402,
            0.668186604976654,
            0.6848055124282837,
            0.6790434122085571,
            0.6760474443435669,
            0.6758682131767273,
            0.6865004301071167,
            0.7070538997650146,
            0.670804500579834,
            0.7033127546310425,
            0.6898208856582642,
            0.701835036277771,
            0.6784522533416748,
            0.6869761347770691,
            0.6650815010070801,
            0.7136294841766357,
            0.6673228740692139,
            0.6711128354072571
        ],
        "f1_score": [
            0.5260285139083862,
            0.6385205984115601,
            0.6499032974243164,
            0.635246753692627,
            0.6375390291213989,
            0.6494346857070923,
            0.6394714713096619,
            0.6501803398132324,
            0.6557772159576416,
            0.6688141822814941,
            0.6397244334220886,
            0.6693084239959717,
            0.6605234146118164,
            0.6717415452003479,
            0.6487574577331543,
            0.6461483240127563,
            0.6170101165771484,
            0.6860350370407104,
            0.6339616775512695,
            0.6507425308227539
        ],
        "recall": [
            0.5290178656578064,
            0.6294642686843872,
            0.640625,
            0.6316964626312256,
            0.6316964626312256,
            0.6428571343421936,
            0.6339285373687744,
            0.6450892686843872,
            0.651785671710968,
            0.6651785969734192,
            0.6361607313156128,
            0.6651785969734192,
            0.6540179252624512,
            0.667410671710968,
            0.6540178060531616,
            0.640625,
            0.609375,
            0.6785714626312256,
            0.6272321939468384,
            0.6473214030265808
        ]
    },
    "test": {
        "loss": [
            4.023386810507093
        ],
        "accuracy": [
            0.2477678507566452
        ],
        "precision": [
            0.3871227204799652
        ],
        "f1_score": [
            0.2308131754398346
        ],
        "recall": [
            0.2477678507566452
        ]
    }
}