{
    "train": {
        "loss": [
            0.1867459057830274,
            0.02310536301229149,
            0.007203242632385809,
            0.0029148530074962764,
            0.0017075891664717346,
            0.0018782106462822412,
            0.001337674750629958,
            0.0005982503757877566,
            0.000370590517150049,
            0.0006796364939418709,
            0.0009104542496061185,
            0.0006224643830137211,
            0.0018905428664766077,
            0.005623315628781711,
            0.0019394612399992184,
            0.0012109858389521833,
            0.0038589964378843433,
            0.007848277969060291,
            0.006407525441659345,
            0.0004085608310333555
        ],
        "accuracy": [
            0.944580078125,
            0.997314453125,
            0.999755859375,
            0.999755859375,
            1.0,
            1.0,
            1.0,
            1.0,
            1.0,
            0.999755859375,
            1.0,
            1.0,
            0.999755859375,
            0.998779296875,
            0.99951171875,
            0.99951171875,
            0.99853515625,
            0.997314453125,
            0.997314453125,
            1.0
        ],
        "precision": [
            0.9470804333686829,
            0.9973276853561401,
            0.9997563362121582,
            0.9997563362121582,
            1.0,
            1.0,
            1.0,
            1.0,
            1.0,
            0.9997563362121582,
            1.0,
            1.0,
            0.9997563362121582,
            0.9987831115722656,
            0.9995136260986328,
            0.9995136260986328,
            0.9985474348068237,
            0.9973709583282471,
            0.9973459839820862,
            1.0
        ],
        "f1_score": [
            0.9449999928474426,
            0.9973154067993164,
            0.999755859375,
            0.999755859375,
            1.0,
            1.0,
            1.0,
            1.0,
            1.0,
            0.999755859375,
            1.0,
            1.0,
            0.999755859375,
            0.9987790584564209,
            0.99951171875,
            0.99951171875,
            0.99853515625,
            0.9973165988922119,
            0.9973143339157104,
            1.0
        ],
        "recall": [
            0.944580078125,
            0.997314453125,
            0.999755859375,
            0.999755859375,
            1.0,
            1.0,
            1.0,
            1.0,
            1.0,
            0.999755859375,
            1.0,
            1.0,
            0.999755859375,
            0.998779296875,
            0.99951171875,
            0.99951171875,
            0.99853515625,
            0.997314453125,
            0.997314453125,
            1.0
        ]
    },
    "valid": {
        "loss": [
            0.23815683834254742,
            0.10345027362927794,
            0.09361108485609293,
            0.0724198897369206,
            0.11132529148017056,
            0.09959061673725955,
            0.08329834775940981,
            0.10045453062048182,
            0.0834284045631648,
            0.08889828975952696,
            0.09914128381205956,
            0.09656500460550888,
            0.08639719373604748,
            0.08931882123579271,
            0.07196517072043207,
            0.10229403833000106,
            0.09548881171212997,
            0.1769676826952491,
            0.15546081729553407,
            0.0963135555939516
        ],
        "accuracy": [
            0.931640625,
            0.96484375,
            0.962890625,
            0.970703125,
            0.958984375,
            0.96484375,
            0.9765625,
            0.97265625,
            0.98046875,
            0.9765625,
            0.9765625,
            0.978515625,
            0.970703125,
            0.96875,
            0.97265625,
            0.970703125,
            0.978515625,
            0.95703125,
            0.9609375,
            0.970703125
        ],
        "precision": [
            0.9369393587112427,
            0.9655075073242188,
            0.962889552116394,
            0.970618486404419,
            0.9598458409309387,
            0.9656572937965393,
            0.9768001437187195,
            0.9736935496330261,
            0.9809451103210449,
            0.9767308831214905,
            0.9766368865966797,
            0.9795354604721069,
            0.9724622368812561,
            0.9688001871109009,
            0.9732029438018799,
            0.9714007377624512,
            0.9785408973693848,
            0.9616007804870605,
            0.9631630778312683,
            0.9709661602973938
        ],
        "f1_score": [
            0.932441234588623,
            0.9650639295578003,
            0.9627768993377686,
            0.9705456495285034,
            0.9589009881019592,
            0.964607298374176,
            0.9765597581863403,
            0.972896933555603,
            0.9803770184516907,
            0.9764976501464844,
            0.9764828681945801,
            0.9786975383758545,
            0.970981240272522,
            0.9686025977134705,
            0.9724565744400024,
            0.9706095457077026,
            0.9784837961196899,
            0.9577863216400146,
            0.9612873792648315,
            0.9706841707229614
        ],
        "recall": [
            0.931640625,
            0.96484375,
            0.962890625,
            0.970703125,
            0.958984375,
            0.96484375,
            0.9765625,
            0.97265625,
            0.98046875,
            0.9765625,
            0.9765625,
            0.978515625,
            0.970703125,
            0.96875,
            0.97265625,
            0.970703125,
            0.978515625,
            0.95703125,
            0.9609375,
            0.970703125
        ]
    },
    "test": {
        "loss": [
            1.075479655410163
        ],
        "accuracy": [
            0.7587890625
        ],
        "precision": [
            0.8187909722328186
        ],
        "f1_score": [
            0.7535687685012817
        ],
        "recall": [
            0.7587890625
        ]
    }
}